gid,pid,detail,off,def,type,dseq,len,qtr,min,sec,ptso,ptsd,timo,timd,dwn,ytg,yfog,zone,yds,succ,fd,sg,nh,pts,bc,kne,dir,rtck1,rtck2,psr,comp,spk,loc,trg,dfb,ptck1,ptck2,sk1,sk2,ptm1,pen1,desc1,cat1,pey1,act1,ptm2,pen2,desc2,cat2,pey2,act2,ptm3,pen3,desc3,cat3,pey3,act3,ints,iry,fum,frcv,fry,forc,fuml,saf,blk,brcv,fgxp,fkicker,dist,good,punter,pgro,pnet,ptb,pr,pry,pfc,kicker,kgro,knet,ktb,kr,kry
5066,830574,"J.Myers kicks 65 yards from SEA 35 to end zone, Touchback.",CIN,SEA,KOFF,0,6,1,15,0,0,0,3,3,0,0,0,0,0,,,,,0,,,,,,,,,,,,,,,,,,,0,0,,,,,0,0,,,,,0,0,,,0,,,0,,,,,,,,0,,,0,0,,,0,,JM-7000,65,40,Y,,0
5066,830575,(15:00) (Shotgun) A.Dalton pass short left to T.Boyd to CIN 28 for 3 yards (T.Flowers).,CIN,SEA,PASS,1,30,1,15,0,0,0,3,3,1,10,25,2,3,,,Y,,0,,,,,,AD-0100,Y,,SL,TB-2075,,TF-0725,,,,,,,0,0,,,,,0,0,,,,,0,0,,,0,,,0,,,,,,,,0,,,0,0,,,0,,,0,0,,,0
5066,830576,(14:19) A.Dalton pass incomplete deep right to J.Ross.,CIN,SEA,PASS,2,5,1,14,19,0,0,3,3,2,7,28,2,0,,,,,0,,,,,,AD-0100,,,DR,JR-3280,,,,,,,,,0,0,,,,,0,0,,,,,0,0,,,0,,,0,,,,,,,,0,,,0,0,,,0,,,0,0,,,0
5066,830577,(14:14) (Shotgun) A.Dalton pass short middle to T.Boyd to CIN 42 for 14 yards (U.Amadi).,CIN,SEA,PASS,3,39,1,14,14,0,0,3,3,3,7,28,2,14,Y,Y,Y,,0,,,,,,AD-0100,Y,,SM,TB-2075,,UA-0100,,,,,,,0,0,,,,,0,0,,,,,0,0,,,0,,,0,,,,,,,,0,,,0,0,,,0,,,0,0,,,0
5066,830578,(13:35) (Shotgun) A.Dalton pass short left to T.Boyd to SEA 48 for 10 yards (T.Thompson).,CIN,SEA,PASS,4,42,1,13,35,0,0,3,3,1,10,42,3,10,Y,Y,Y,,0,,,,,,AD-0100,Y,,SL,TB-2075,,TT-1262,,,,,,,0,0,,,,,0,0,,,,,0,0,,,0,,,0,,,,,,,,0,,,0,0,,,0,,,0,0,,,0
5066,830579,"(12:53) (Shotgun) A.Dalton pass incomplete short right to J.Ross. Cincinnati challenged the incomplete pass ruling, and the play was Upheld.",CIN,SEA,PASS,5,5,1,12,53,0,0,3,3,1,10,52,3,0,,,Y,,0,,,,,,AD-0100,,,SR,JR-3280,,,,,,,,,0,0,,,,,0,0,,,,,0,0,,,0,,,0,,,,,,,,0,,,0,0,,,0,,,0,0,,,0
5066,830580,(12:48) (Shotgun) A.Dalton pass incomplete short left to J.Mixon (J.Clowney).,CIN,SEA,PASS,6,5,1,12,48,0,0,2,3,2,10,52,3,0,,,Y,,0,,,,,,AD-0100,,,SL,JM-5275,JC-3350,,,,,,,,0,0,,,,,0,0,,,,,0,0,,,0,,,0,,,,,,,,0,,,0,0,,,0,,,0,0,,,0
5066,830581,(12:43) (Shotgun) A.Dalton pass short left to J.Mixon to CIN 49 for -3 yards (B.Wagner).,CIN,SEA,PASS,7,39,1,12,43,0,0,2,3,3,10,52,3,-3,,,Y,,0,,,,,,AD-0100,Y,,SL,JM-5275,,BW-0150,,,,,,,0,0,,,,,0,0,,,,,0,0,,,0,,,0,,,,,,,,0,,,0,0,,,0,,,0,0,,,0
5066,830582,"(12:04) K.Huber punts 51 yards to end zone, Center-C.Harris, Touchback.",SEA,CIN,PUNT,0,13,1,12,4,0,0,3,2,4,13,49,3,0,,,,,0,,,,,,,,,,,,,,,,,,,0,0,,,,,0,0,,,,,0,0,,,0,,,0,,,,,,,,0,,KH-2600,51,26,Y,,0,,,0,0,,,0
5066,830583,(11:51) (Shotgun) C.Carson left tackle to SEA 21 for 1 yard (S.Hubbard; C.Dunlap).,SEA,CIN,RUSH,1,27,1,11,51,0,0,3,2,1,10,20,1,1,,,Y,,0,CC-0750,,LT,CD-2200,SH-1393,,,,,,,,,,,,,,0,0,,,,,0,0,,,,,0,0,,,0,,,0,,,,,,,,0,,,0,0,,,0,,,0,0,,,0
5066,830584,(11:24) R.Wilson pass incomplete deep left [G.Atkins].,SEA,CIN,PASS,2,5,1,11,24,0,0,3,2,2,9,21,2,0,,,,,0,,,,,,RW-3850,,,,,,,,,,,,,0,0,,,,,0,0,,,,,0,0,,,0,,,0,,,,,,,,0,,,0,0,,,0,,,0,0,,,0
5066,830585,(11:19) (Shotgun) R.Wilson pass short left to D.Metcalf to SEA 27 for 6 yards (D.Kirkpatrick).,SEA,CIN,PASS,3,45,1,11,19,0,0,3,2,3,9,21,2,6,,,Y,,0,,,,,,RW-3850,Y,,SL,DM-2275,,DK-0750,,,,,,,0,0,,,,,0,0,,,,,0,0,,,0,,,0,,,,,,,,0,,,0,0,,,0,,,0,0,,,0
5066,830586,"(10:34) M.Dickson punts 45 yards to CIN 28, Center-T.Ott, fair catch by A.Erickson.",CIN,SEA,PUNT,0,8,1,10,34,0,0,2,3,4,3,27,2,0,,,,,0,,,,,,,,,,,,,,,,,,,0,0,,,,,0,0,,,,,0,0,,,0,,,0,,,,,,,,0,,MD-0325,45,45,,AE-1037,0,Y,,0,0,,,0
5066,830587,"(10:26) J.Mixon right tackle to CIN 29 for 1 yard (B.Wagner). PENALTY on CIN-D.Sample, Offensive Holding, 10 yards, enforced at CIN 28 - No Play.",CIN,SEA,NOPL,0,25,1,10,26,0,0,2,3,1,10,28,2,0,,,,,0,,,,,,,,,,,,,,,,CIN,DS-0050,Offensive Holding,2,10,,,,,0,0,,,,,0,0,,,0,,,0,,,,,,,,0,,,0,0,,,0,,,0,0,,,0
5066,830588,(10:01) (Shotgun) A.Dalton pass short middle to J.Ross to CIN 38 for 20 yards (B.Wagner).,CIN,SEA,PASS,1,48,1,10,1,0,0,2,3,1,20,18,1,20,Y,Y,Y,,0,,,,,,AD-0100,Y,,SM,JR-3280,,BW-0150,,,,,,,0,0,,,,,0,0,,,,,0,0,,,0,,,0,,,,,,,,0,,,0,0,,,0,,,0,0,,,0
5066,830589,(9:13) (Shotgun) A.Dalton pass short middle to A.Erickson to CIN 44 for 6 yards (K.Wright).,CIN,SEA,PASS,2,38,1,9,13,0,0,2,3,1,10,38,2,6,Y,,Y,,0,,,,,,AD-0100,Y,,SM,AE-1037,,KW-2500,,,,,,,0,0,,,,,0,0,,,,,0,0,,,0,,,0,,,,,,,,0,,,0,0,,,0,,,0,0,,,0
5066,830590,(8:35) J.Mixon right guard to CIN 43 for -1 yards (K.Wright; J.Clowney).,CIN,SEA,RUSH,3,41,1,8,35,0,0,2,3,2,4,44,3,-1,,,,,0,JM-5275,,RG,JC-3350,KW-2500,,,,,,,,,,,,,,0,0,,,,,0,0,,,,,0,0,,,0,,,0,,,,,,,,0,,,0,0,,,0,,,0,0,,,0
5066,830591,(7:54) (Shotgun) A.Dalton pass incomplete short left to T.Boyd.,CIN,SEA,PASS,4,3,1,7,54,0,0,2,3,3,5,43,3,0,,,Y,,0,,,,,,AD-0100,,,SL,TB-2075,,,,,,,,,0,0,,,,,0,0,,,,,0,0,,,0,,,0,,,,,,,,0,,,0,0,,,0,,,0,0,,,0
5066,830592,"(7:51) K.Huber punts 52 yards to SEA 5, Center-C.Harris, out of bounds. PENALTY on SEA-C.Barton, Running Into the Kicker, 5 yards, enforced at CIN 43 - No Play.",CIN,SEA,NOPL,4,8,1,7,51,0,0,2,3,4,5,43,3,0,,Y,,,0,,,,,,,,,,,,,,,,SEA,CB-0750,Running Into the Kicker,6,5,,,,,0,0,,,,,0,0,,,0,,,0,,,,,,,,0,,,0,0,,,0,,,0,0,,,0
5066,830593,(7:43) J.Mixon up the middle to SEA 49 for 3 yards (A.Woods; B.Wagner).,CIN,SEA,RUSH,5,43,1,7,43,0,0,2,3,1,10,48,3,3,,,,,0,JM-5275,,MD,AW-1900,BW-0150,,,,,,,,,,,,,,0,0,,,,,0,0,,,,,0,0,,,0,,,0,,,,,,,,0,,,0,0,,,0,,,0,0,,,0
5066,830594,(7:00) A.Dalton pass short middle to T.Boyd to SEA 36 for 13 yards (B.Wagner).,CIN,SEA,PASS,6,38,1,7,0,0,0,2,3,2,7,51,3,13,Y,Y,,,0,,,,,,AD-0100,Y,,SM,TB-2075,,BW-0150,,,,,,,0,0,,,,,0,0,,,,,0,0,,,0,,,0,,,,,,,,0,,,0,0,,,0,,,0,0,,,0
5066,830595,(6:22) A.Dalton pass incomplete short left.,CIN,SEA,PASS,7,7,1,6,22,0,0,2,3,1,10,64,4,0,,,,,0,,,,,,AD-0100,,,,,,,,,,,,,0,0,,,,,0,0,,,,,0,0,,,0,,,0,,,,,,,,0,,,0,0,,,0,,,0,0,,,0
5066,830596,(6:15) (Shotgun) A.Dalton pass short middle to T.Boyd to SEA 30 for 6 yards (T.Flowers).,CIN,SEA,PASS,8,40,1,6,15,0,0,2,3,2,10,64,4,6,Y,,Y,,0,,,,,,AD-0100,Y,,SM,TB-2075,,TF-0725,,,,,,,0,0,,,,,0,0,,,,,0,0,,,0,,,0,,,,,,,,0,,,0,0,,,0,,,0,0,,,0
5066,830597,(5:35) (Shotgun) A.Dalton pass short middle to D.Willis to SEA 24 for 6 yards (T.Flowers).,CIN,SEA,PASS,9,41,1,5,35,0,0,2,3,3,4,70,4,6,Y,Y,Y,,0,,,,,,AD-0100,Y,,SM,DW-3987,,TF-0725,,,,,,,0,0,,,,,0,0,,,,,0,0,,,0,,,0,,,,,,,,0,,,0,0,,,0,,,0,0,,,0
5066,830598,(4:54) (Shotgun) A.Dalton pass short left to A.Erickson to SEA 18 for 6 yards (M.Kendricks).,CIN,SEA,PASS,10,43,1,4,54,0,0,2,3,1,10,76,4,6,Y,,Y,,0,,,,,,AD-0100,Y,,SL,AE-1037,,MK-0730,,,,,,,0,0,,,,,0,0,,,,,0,0,,,0,,,0,,,,,,,,0,,,0,0,,,0,,,0,0,,,0
5066,830599,(4:11) J.Mixon up the middle to SEA 16 for 2 yards (Q.Jefferson; K.Wright).,CIN,SEA,RUSH,11,46,1,4,11,0,0,2,3,2,4,82,5,2,,,,,0,JM-5275,,MD,QJ-0150,KW-2500,,,,,,,,,,,,,,0,0,,,,,0,0,,,,,0,0,,,0,,,0,,,,,,,,0,,,0,0,,,0,,,0,0,,,0
5066,830600,"(3:25) PENALTY on CIN, Delay of Game, 5 yards, enforced at SEA 16 - No Play.",CIN,SEA,NOPL,11,26,1,3,25,0,0,2,3,3,2,84,5,0,,,,,0,,,,,,,,,,,,,,,,CIN,,Delay of Game,3,5,,,,,0,0,,,,,0,0,,,0,,,0,,,,,,,,0,,,0,0,,,0,,,0,0,,,0
5066,830601,(2:59) (Shotgun) A.Dalton pass incomplete short left to T.Eifert.,CIN,SEA,PASS,12,7,1,2,59,0,0,2,3,3,7,79,4,0,,,Y,,0,,,,,,AD-0100,,,SL,TE-0300,,,,,,,,,0,0,,,,,0,0,,,,,0,0,,,0,,,0,,,,,,,,0,,,0,0,,,0,,,0,0,,,0
5066,830602,"(2:52) R.Bullock 39 yard field goal is GOOD, Center-C.Harris, Holder-K.Huber.",CIN,SEA,FGXP,13,4,1,2,52,0,0,2,3,4,7,79,4,0,,,,,3,,,,,,,,,,,,,,,,,,,0,0,,,,,0,0,,,,,0,0,,,0,,,0,,,,,,FG,RB-4650,39,Y,,0,0,,,0,,,0,0,,,0
5066,830603,"R.Bullock kicks 65 yards from CIN 35 to end zone, Touchback.",SEA,CIN,KOFF,0,6,1,2,48,0,3,3,2,0,0,0,0,0,,,,,0,,,,,,,,,,,,,,,,,,,0,0,,,,,0,0,,,,,0,0,,,0,,,0,,,,,,,,0,,,0,0,,,0,,RB-4650,65,40,Y,,0
5066,830604,(2:48) (Shotgun) C.Carson left guard to SEA 28 for 3 yards (S.Hubbard).,SEA,CIN,RUSH,1,35,1,2,48,0,3,3,2,1,10,25,2,3,,,Y,,0,CC-0750,,LG,SH-1393,,,,,,,,,,,,,,,0,0,,,,,0,0,,,,,0,0,,,0,,,0,,,,,,,,0,,,0,0,,,0,,,0,0,,,0
5066,830605,(2:16) R.Wilson sacked at SEA 18 for -10 yards (C.Dunlap).,SEA,CIN,PASS,2,42,1,2,16,0,3,3,2,2,7,28,2,-10,,,,,0,,,,,,RW-3850,,,,,,,,CD-2200,,,,,0,0,,,,,0,0,,,,,0,0,,,0,,,0,,,,,,,,0,,,0,0,,,0,,,0,0,,,0
5066,830606,(1:34) (Shotgun) C.Carson left tackle to SEA 23 for 5 yards (C.Fejedelem).,SEA,CIN,RUSH,3,36,1,1,34,0,3,3,2,3,17,18,1,5,,,Y,,0,CC-0750,,LT,CF-0337,,,,,,,,,,,,,,,0,0,,,,,0,0,,,,,0,0,,,0,,,0,,,,,,,,0,,,0,0,,,0,,,0,0,,,0
5066,830607,"(:58) M.Dickson punts 43 yards to CIN 34, Center-T.Ott. A.Erickson to CIN 43 for 9 yards (B.Burr-Kirven). FUMBLES (B.Burr-Kirven), RECOVERED by SEA-N.Bellore at CIN 43. N.Bellore to CIN 43 for no gain (S.Perine). Penalty on CIN-G.Pratt, Illegal Block Abov",CIN,SEA,PUNT,0,18,1,0,58,3,0,2,3,4,12,23,2,0,,,,,0,,,,,,,,,,,,,,,,CIN,GP-0425,Illegal Block Above the Waist,7,0,D,CIN,SP-0825,Illegal Block Above the Waist,7,0,D,,,,0,0,,,0,AE-1037,NB-0200,0,BB-3887,Y,,,,,,0,,MD-0325,43,34,,AE-1037,9,,,0,0,,,0
5066,830608,(:40) (Shotgun) R.Wilson pass short left to C.Carson to CIN 35 for 8 yards (C.Dunlap).,SEA,CIN,PASS,1,30,1,0,40,0,3,3,2,1,10,57,3,8,Y,,Y,,0,,,,,,RW-3850,Y,,SL,CC-0750,,CD-2200,,,,,,,0,0,,,,,0,0,,,,,0,0,,,0,,,0,,,,,,,,0,,,0,0,,,0,,,0,0,,,0
5066,830609,(:10) (Shotgun) C.Carson left guard to CIN 32 for 3 yards (S.Williams; S.Hubbard).,SEA,CIN,RUSH,2,35,1,0,10,0,3,3,2,2,2,65,4,3,Y,Y,Y,,0,CC-0750,,LG,SH-1393,SW-1550,,,,,,,,,,,,,,0,0,,,,,0,0,,,,,0,0,,,0,,,0,,,,,,,,0,,,0,0,,,0,,,0,0,,,0
5066,830610,(15:00) R.Wilson sacked at CIN 41 for -9 yards (S.Hubbard).,SEA,CIN,PASS,3,45,2,15,0,0,3,3,2,1,10,68,4,-9,,,,,0,,,,,,RW-3850,,,,,,,,SH-1393,,,,,0,0,,,,,0,0,,,,,0,0,,,0,,,0,,,,,,,,0,,,0,0,,,0,,,0,0,,,0
5066,830611,(14:15) (Shotgun) R.Wilson pass short middle to C.Carson to CIN 44 for -3 yards (P.Brown; C.Dunlap) [A.Billings].,SEA,CIN,PASS,4,50,2,14,15,0,3,3,2,2,19,59,3,-3,,,Y,,0,,,,,,RW-3850,Y,,SM,CC-0750,,CD-2200,PB-0750,,,,,,0,0,,,,,0,0,,,,,0,0,,,0,,,0,,,,,,,,0,,,0,0,,,0,,,0,0,,,0
5066,830612,(13:25) (Shotgun) R.Wilson pass incomplete deep right to W.Dissly [S.Hubbard].,SEA,CIN,PASS,5,8,2,13,25,0,3,3,2,3,22,56,3,0,,,Y,,0,,,,,,RW-3850,,,DR,WD-0550,,,,,,,,,0,0,,,,,0,0,,,,,0,0,,,0,,,0,,,,,,,,0,,,0,0,,,0,,,0,0,,,0
5066,830613,"(13:17) (Punt formation) PENALTY on SEA-U.Amadi, False Start, 5 yards, enforced at CIN 44 - No Play.",SEA,CIN,NOPL,5,20,2,13,17,0,3,3,2,4,22,56,3,0,,,,,0,,,,,,,,,,,,,,,,SEA,UA-0100,False Start,1,5,,,,,0,0,,,,,0,0,,,0,,,0,,,,,,,,0,,,0,0,,,0,,,0,0,,,0
5066,830614,"(13:17) M.Dickson punts 38 yards to CIN 11, Center-T.Ott, fair catch by A.Erickson.",CIN,SEA,PUNT,0,10,2,13,17,3,0,2,3,4,27,51,3,0,,,,,0,,,,,,,,,,,,,,,,,,,0,0,,,,,0,0,,,,,0,0,,,0,,,0,,,,,,,,0,,MD-0325,38,38,,AE-1037,0,Y,,0,0,,,0
5066,830615,"(13:10) (Shotgun) A.Dalton pass short left to J.Ross ran ob at CIN 17 for 6 yards. PENALTY on CIN, Illegal Formation, 5 yards, enforced at CIN 11 - No Play.",CIN,SEA,NOPL,0,24,2,13,10,3,0,2,3,1,10,11,1,0,,,,,0,,,,,,,,,,,,,,,,CIN,,Illegal Formation,3,5,,,,,0,0,,,,,0,0,,,0,,,0,,,,,,,,0,,,0,0,,,0,,,0,0,,,0
5066,830616,(12:46) A.Dalton pass incomplete short middle to J.Ross.,CIN,SEA,PASS,1,4,2,12,46,3,0,2,3,1,15,6,1,0,,,,,0,,,,,,AD-0100,,,SM,JR-3280,,,,,,,,,0,0,,,,,0,0,,,,,0,0,,,0,,,0,,,,,,,,0,,,0,0,,,0,,,0,0,,,0
5066,830617,(12:42) (Shotgun) A.Dalton pass short left to J.Mixon to CIN 16 for 10 yards (T.Flowers) [Q.Jefferson].,CIN,SEA,PASS,2,45,2,12,42,3,0,2,3,2,15,6,1,10,Y,,Y,,0,,,,,,AD-0100,Y,,SL,JM-5275,,TF-0725,,,,,,,0,0,,,,,0,0,,,,,0,0,,,0,,,0,,,,,,,,0,,,0,0,,,0,,,0,0,,,0
5066,830618,(11:57) (Shotgun) A.Dalton sacked at CIN 10 for -6 yards (Q.Jefferson).,CIN,SEA,PASS,3,37,2,11,57,3,0,2,3,3,5,16,1,-6,,,Y,,0,,,,,,AD-0100,,,,,,,,QJ-0150,,,,,0,0,,,,,0,0,,,,,0,0,,,0,,,0,,,,,,,,0,,,0,0,,,0,,,0,0,,,0
5066,830619,"(11:20) K.Huber punts 38 yards to CIN 48, Center-C.Harris, fair catch by T.Lockett.",SEA,CIN,PUNT,0,8,2,11,20,0,3,3,2,4,11,10,1,0,,,,,0,,,,,,,,,,,,,,,,,,,0,0,,,,,0,0,,,,,0,0,,,0,,,0,,,,,,,,0,,KH-2600,38,38,,TL-1025,0,Y,,0,0,,,0
5066,830620,(11:12) R.Penny left end to CIN 43 for 5 yards (J.Bates; C.Lawson).,SEA,CIN,RUSH,1,30,2,11,12,0,3,3,2,1,10,52,3,5,Y,,,,0,RP-0550,,LE,CL-0375,JB-1650,,,,,,,,,,,,,,0,0,,,,,0,0,,,,,0,0,,,0,,,0,,,,,,,,0,,,0,0,,,0,,,0,0,,,0
5066,830621,(10:42) R.Penny up the middle to CIN 40 for 3 yards (P.Brown; K.Wynn).,SEA,CIN,RUSH,2,44,2,10,42,0,3,3,2,2,5,57,3,3,Y,,,,0,RP-0550,,MD,KW-2800,PB-0750,,,,,,,,,,,,,,0,0,,,,,0,0,,,,,0,0,,,0,,,0,,,,,,,,0,,,0,0,,,0,,,0,0,,,0
5066,830622,"(9:58) PENALTY on SEA-W.Dissly, False Start, 5 yards, enforced at CIN 40 - No Play.",SEA,CIN,NOPL,2,25,2,9,58,0,3,3,2,3,2,60,4,0,,,,,0,,,,,,,,,,,,,,,,SEA,WD-0550,False Start,1,5,,,,,0,0,,,,,0,0,,,0,,,0,,,,,,,,0,,,0,0,,,0,,,0,0,,,0
5066,830623,(9:33) (Shotgun) R.Wilson pass short left to W.Dissly to CIN 33 for 12 yards (W.Jackson III).,SEA,CIN,PASS,3,40,2,9,33,0,3,3,2,3,7,55,3,12,Y,Y,Y,,0,,,,,,RW-3850,Y,,SL,WD-0550,,WJ-0150,,,,,,,0,0,,,,,0,0,,,,,0,0,,,0,,,0,,,,,,,,0,,,0,0,,,0,,,0,0,,,0
5066,830624,(8:53) (Shotgun) R.Wilson pass short middle to D.Metcalf to CIN 17 for 16 yards (D.Kirkpatrick).,SEA,CIN,PASS,4,40,2,8,53,0,3,3,2,1,10,67,4,16,Y,Y,Y,,0,,,,,,RW-3850,Y,,SM,DM-2275,,DK-0750,,,,,,,0,0,,,,,0,0,,,,,0,0,,,0,,,0,,,,,,,,0,,,0,0,,,0,,,0,0,,,0
5066,830625,"(8:13) C.Carson right end to CIN 6 for 11 yards (S.Hubbard, S.Williams).",SEA,CIN,RUSH,5,43,2,8,13,0,3,3,2,1,10,83,5,11,Y,Y,,,0,CC-0750,,RE,SH-1393,SW-1550,,,,,,,,,,,,,,0,0,,,,,0,0,,,,,0,0,,,0,,,0,,,,,,,,0,,,0,0,,,0,,,0,0,,,0
5066,830626,(7:30) (Shotgun) C.Carson left end to CIN 5 for 1 yard (J.Bates).,SEA,CIN,RUSH,6,47,2,7,30,0,3,3,2,1,6,94,5,1,,,Y,,0,CC-0750,,LE,JB-1650,,,,,,,,,,,,,,,0,0,,,,,0,0,,,,,0,0,,,0,,,0,,,,,,,,0,,,0,0,,,0,,,0,0,,,0
5066,830627,"(6:43) (Shotgun) R.Wilson pass incomplete short right to D.Metcalf. PENALTY on CIN-B.Webb, Defensive Pass Interference, 4 yards, enforced at CIN 5 - No Play.",SEA,CIN,NOPL,6,4,2,6,43,0,3,3,2,2,5,95,5,0,,,,,0,,,,,,,,,,,,,,,,CIN,BW-0770,Defensive Pass Interference,5,4,,,,,0,0,,,,,0,0,,,0,,,0,,,,,,,,0,,,0,0,,,0,,,0,0,,,0
5066,830628,"(6:39) (Shotgun) C.Carson up the middle for 1 yard, TOUCHDOWN.",SEA,CIN,RUSH,7,3,2,6,39,0,3,3,2,1,1,99,5,1,Y,Y,Y,,7,CC-0750,,MD,,,,,,,,,,,,,,,,0,0,,,,,0,0,,,,,0,0,,,0,,,0,,,,,,,,0,,,0,0,,,0,,,0,0,,,0
5066,830629,"J.Myers extra point is GOOD, Center-T.Ott, Holder-M.Dickson.",SEA,CIN,FGXP,7,3,2,6,36,7,3,3,2,0,0,0,0,0,,,,,0,,,,,,,,,,,,,,,,,,,0,0,,,,,0,0,,,,,0,0,,,0,,,0,,,,,,XP,JM-7000,33,Y,,0,0,,,0,,,0,0,,,0
5066,830630,"J.Myers kicks 65 yards from SEA 35 to end zone, Touchback.",CIN,SEA,KOFF,0,6,2,6,36,3,7,2,3,0,0,0,0,0,,,,,0,,,,,,,,,,,,,,,,,,,0,0,,,,,0,0,,,,,0,0,,,0,,,0,,,,,,,,0,,,0,0,,,0,,JM-7000,65,40,Y,,0
5066,830631,(6:36) (Shotgun) A.Dalton pass short left to T.Boyd to CIN 31 for 6 yards (T.Thompson; M.Kendricks).,CIN,SEA,PASS,1,30,2,6,36,3,7,2,3,1,10,25,2,6,Y,,Y,,0,,,,,,AD-0100,Y,,SL,TB-2075,,MK-0730,TT-1262,,,,,,0,0,,,,,0,0,,,,,0,0,,,0,,,0,,,,,,,,0,,,0,0,,,0,,,0,0,,,0
5066,830632,"(6:02) (Shotgun) A.Dalton pass deep left to C.Uzomah to SEA 33 for 36 yards (T.Flowers, T.Thompson).",CIN,SEA,PASS,2,42,2,6,2,3,7,2,3,2,4,31,2,36,Y,Y,Y,,0,,,,,,AD-0100,Y,,DL,CU-0150,,TT-1262,TF-0725,,,,,,0,0,,,,,0,0,,,,,0,0,,,0,,,0,,,,,,,,0,,,0,0,,,0,,,0,0,,,0
5066,830633,"(5:20) A.Dalton pass deep left to J.Ross for 33 yards, TOUCHDOWN.",CIN,SEA,PASS,3,8,2,5,20,3,7,2,3,1,10,67,4,33,Y,Y,,,7,,,,,,AD-0100,Y,,DL,JR-3280,,,,,,,,,0,0,,,,,0,0,,,,,0,0,,,0,,,0,,,,,,,,0,,,0,0,,,0,,,0,0,,,0
5066,830634,"R.Bullock extra point is GOOD, Center-C.Harris, Holder-K.Huber.",CIN,SEA,FGXP,3,3,2,5,12,10,7,2,3,0,0,0,0,0,,,,,0,,,,,,,,,,,,,,,,,,,0,0,,,,,0,0,,,,,0,0,,,0,,,0,,,,,,XP,RB-4650,33,Y,,0,0,,,0,,,0,0,,,0
5066,830635,"R.Bullock kicks 65 yards from CIN 35 to end zone, Touchback.",SEA,CIN,KOFF,0,6,2,5,12,7,10,3,2,0,0,0,0,0,,,,,0,,,,,,,,,,,,,,,,,,,0,0,,,,,0,0,,,,,0,0,,,0,,,0,,,,,,,,0,,,0,0,,,0,,RB-4650,65,40,Y,,0
5066,830636,(5:12) (Shotgun) R.Penny up the middle to SEA 25 for no gain (A.Billings; R.Glasgow).,SEA,CIN,RUSH,1,35,2,5,12,7,10,3,2,1,10,25,2,0,,,Y,,0,RP-0550,,MD,AB-1650,RG-1150,,,,,,,,,,,,,,0,0,,,,,0,0,,,,,0,0,,,0,,,0,,,,,,,,0,,,0,0,,,0,,,0,0,,,0
5066,830637,(4:28) (Shotgun) R.Penny right tackle to SEA 30 for 5 yards (G.Pratt; C.Dunlap).,SEA,CIN,RUSH,2,37,2,4,28,7,10,3,2,2,10,25,2,5,,,Y,,0,RP-0550,,RT,CD-2200,GP-0425,,,,,,,,,,,,,,0,0,,,,,0,0,,,,,0,0,,,0,,,0,,,,,,,,0,,,0,0,,,0,,,0,0,,,0
5066,830638,"(3:51) (Shotgun) R.Wilson pass incomplete deep middle to D.Metcalf. Penalty on SEA-D.Metcalf, Offensive Pass Interference, declined.",SEA,CIN,PASS,3,6,2,3,51,7,10,3,2,3,5,30,2,0,,,Y,,0,,,,,,RW-3850,,,DM,DM-2275,,,,,,SEA,DM-2275,Offensive Pass Interference,2,0,D,,,,0,0,,,,,0,0,,,0,,,0,,,,,,,,0,,,0,0,,,0,,,0,0,,,0
5066,830639,"(3:45) M.Dickson punts 51 yards to CIN 19, Center-T.Ott. A.Erickson to CIN 30 for 11 yards (S.Griffin49; W.Dissly).",CIN,SEA,PUNT,0,10,2,3,45,10,7,2,3,4,5,30,2,0,,,,,0,,,,,,,,,,,,,,,,,,,0,0,,,,,0,0,,,,,0,0,,,0,,,0,,,,,,,,0,,MD-0325,51,40,,AE-1037,11,,,0,0,,,0
5066,830640,(3:35) (Shotgun) J.Mixon up the middle to CIN 36 for 6 yards (M.Kendricks).,CIN,SEA,RUSH,1,35,2,3,35,10,7,2,3,1,10,30,2,6,Y,,Y,,0,JM-5275,,MD,MK-0730,,,,,,,,,,,,,,,0,0,,,,,0,0,,,,,0,0,,,0,,,0,,,,,,,,0,,,0,0,,,0,,,0,0,,,0
5066,830641,"(3:00) (Shotgun) J.Mixon left end to CIN 35 for -1 yards (M.Kendricks, Q.Jefferson).",CIN,SEA,RUSH,2,39,2,3,0,10,7,2,3,2,4,36,2,-1,,,Y,,0,JM-5275,,LE,QJ-0150,MK-0730,,,,,,,,,,,,,,0,0,,,,,0,0,,,,,0,0,,,0,,,0,,,,,,,,0,,,0,0,,,0,,,0,0,,,0
5066,830642,(2:21) (Shotgun) A.Dalton pass short left to T.Eifert to CIN 39 for 4 yards (B.McDougald).,CIN,SEA,PASS,3,21,2,2,21,10,7,2,3,3,5,35,2,4,,,Y,,0,,,,,,AD-0100,Y,,SL,TE-0300,,BM-1250,,,,,,,0,0,,,,,0,0,,,,,0,0,,,0,,,0,,,,,,,,0,,,0,0,,,0,,,0,0,,,0
5066,830643,"(2:00) K.Huber punts 38 yards to SEA 23, Center-C.Harris, fair catch by T.Lockett.",SEA,CIN,PUNT,0,7,2,2,0,7,10,3,2,4,1,39,2,0,,,,,0,,,,,,,,,,,,,,,,,,,0,0,,,,,0,0,,,,,0,0,,,0,,,0,,,,,,,,0,,KH-2600,38,38,,TL-1025,0,Y,,0,0,,,0
5066,830644,(1:53) (Shotgun) R.Wilson pass short left to C.Carson pushed ob at SEA 30 for 7 yards (D.Kirkpatrick).,SEA,CIN,PASS,1,5,2,1,53,7,10,3,2,1,10,23,2,7,Y,,Y,,0,,,,,,RW-3850,Y,,SL,CC-0750,,DK-0750,,,,,,,0,0,,,,,0,0,,,,,0,0,,,0,,,0,,,,,,,,0,,,0,0,,,0,,,0,0,,,0
5066,830645,"(1:48) (No Huddle, Shotgun) R.Wilson pass incomplete short left to C.Carson [C.Lawson]. PENALTY on CIN-D.Kirkpatrick, Unnecessary Roughness, 15 yards, enforced at SEA 30.",SEA,CIN,PASS,2,4,2,1,48,7,10,3,2,2,3,30,2,0,,Y,Y,Y,0,,,,,,RW-3850,,,SL,CC-0750,,,,,,CIN,DK-0750,Unnecessary Roughness,6,15,,,,,0,0,,,,,0,0,,,0,,,0,,,,,,,,0,,,0,0,,,0,,,0,0,,,0
5066,830646,(1:44) (Shotgun) R.Wilson pass deep left to D.Metcalf to CIN 13 for 42 yards (J.Bates).,SEA,CIN,PASS,3,33,2,1,44,7,10,3,2,1,10,45,3,42,Y,Y,Y,,0,,,,,,RW-3850,Y,,DL,DM-2275,,JB-1650,,,,,,,0,0,,,,,0,0,,,,,0,0,,,0,,,0,,,,,,,,0,,,0,0,,,0,,,0,0,,,0
5066,830647,(1:11) (Shotgun) R.Wilson pass incomplete short left to D.Metcalf [S.Hubbard].,SEA,CIN,PASS,4,4,2,1,11,7,10,3,2,1,10,87,5,0,,,Y,,0,,,,,,RW-3850,,,SL,DM-2275,,,,,,,,,0,0,,,,,0,0,,,,,0,0,,,0,,,0,,,,,,,,0,,,0,0,,,0,,,0,0,,,0
5066,830648,(1:07) (Shotgun) C.Carson up the middle to CIN 10 for 3 yards (N.Vigil; G.Atkins).,SEA,CIN,RUSH,5,8,2,1,7,7,10,3,2,2,10,87,5,3,,,Y,,0,CC-0750,,MD,GA-0400,NV-0200,,,,,,,,,,,,,,0,0,,,,,0,0,,,,,0,0,,,0,,,0,,,,,,,,0,,,0,0,,,0,,,0,0,,,0
5066,830649,"(:59) (Shotgun) R.Wilson pass short right to C.Carson for 10 yards, TOUCHDOWN. The Replay Official reviewed the runner broke the plane ruling, and the play was Upheld.",SEA,CIN,PASS,6,7,2,0,59,7,10,3,1,3,7,90,5,10,Y,Y,Y,,7,,,,,,RW-3850,Y,,SR,CC-0750,,,,,,,,,0,0,,,,,0,0,,,,,0,0,,,0,,,0,,,,,,,,0,,,0,0,,,0,,,0,0,,,0
5066,830650,"J.Myers extra point is GOOD, Center-T.Ott, Holder-M.Dickson.",SEA,CIN,FGXP,6,3,2,0,52,14,10,3,1,0,0,0,0,0,,,,,0,,,,,,,,,,,,,,,,,,,0,0,,,,,0,0,,,,,0,0,,,0,,,0,,,,,,XP,JM-7000,33,Y,,0,0,,,0,,,0,0,,,0
5066,830651,"J.Myers kicks 65 yards from SEA 35 to end zone, Touchback.",CIN,SEA,KOFF,0,6,2,0,52,10,14,1,3,0,0,0,0,0,,,,,0,,,,,,,,,,,,,,,,,,,0,0,,,,,0,0,,,,,0,0,,,0,,,0,,,,,,,,0,,,0,0,,,0,,JM-7000,65,40,Y,,0
5066,830652,(:52) (Shotgun) A.Dalton pass short right to T.Boyd to CIN 28 for 3 yards (U.Amadi).,CIN,SEA,PASS,1,20,2,0,52,10,14,1,3,1,10,25,2,3,,,Y,,0,,,,,,AD-0100,Y,,SR,TB-2075,,UA-0100,,,,,,,0,0,,,,,0,0,,,,,0,0,,,0,,,0,,,,,,,,0,,,0,0,,,0,,,0,0,,,0
5066,830653,"(:28) (No Huddle, Shotgun) A.Dalton pass short right to D.Willis to CIN 45 for 17 yards (S.Griffin26).",CIN,SEA,PASS,2,8,2,0,28,10,14,1,3,2,7,28,2,17,Y,Y,Y,Y,0,,,,,,AD-0100,Y,,SR,DW-3987,,SG-1600,,,,,,,0,0,,,,,0,0,,,,,0,0,,,0,,,0,,,,,,,,0,,,0,0,,,0,,,0,0,,,0
5066,830654,(:20) (Shotgun) A.Dalton pass incomplete short left to J.Ross.,CIN,SEA,PASS,3,4,2,0,20,10,14,0,3,1,10,45,3,0,,,Y,,0,,,,,,AD-0100,,,SL,JR-3280,,,,,,,,,0,0,,,,,0,0,,,,,0,0,,,0,,,0,,,,,,,,0,,,0,0,,,0,,,0,0,,,0
5066,830655,"(:16) (Shotgun) A.Dalton pass deep middle to J.Ross for 55 yards, TOUCHDOWN.",CIN,SEA,PASS,4,9,2,0,16,10,14,0,2,2,10,45,3,55,Y,Y,Y,,7,,,,,,AD-0100,Y,,DM,JR-3280,,,,,,,,,0,0,,,,,0,0,,,,,0,0,,,0,,,0,,,,,,,,0,,,0,0,,,0,,,0,0,,,0
5066,830656,"R.Bullock extra point is GOOD, Center-C.Harris, Holder-K.Huber.",CIN,SEA,FGXP,4,3,2,0,7,17,14,0,2,0,0,0,0,0,,,,,0,,,,,,,,,,,,,,,,,,,0,0,,,,,0,0,,,,,0,0,,,0,,,0,,,,,,XP,RB-4650,33,Y,,0,0,,,0,,,0,0,,,0
5066,830657,"R.Bullock kicks 61 yards from CIN 35 to SEA 4. R.Penny to SEA 25 for 21 yards (C.Carter, K.Wynn).",SEA,CIN,KOFF,0,6,2,0,7,14,17,2,0,0,0,0,0,0,,,,,0,,,,,,,,,,,,,,,,,,,0,0,,,,,0,0,,,,,0,0,,,0,,,0,,,,,,,,0,,,0,0,,,0,,RB-4650,61,40,,RP-0550,21
5066,830658,(:02) R.Wilson kneels to SEA 24 for -1 yards.,SEA,CIN,RUSH,1,25,2,0,2,14,17,2,0,1,10,25,2,-1,,,,,0,RW-3850,Y,,,,,,,,,,,,,,,,,0,0,,,,,0,0,,,,,0,0,,,0,,,0,,,,,,,,0,,,0,0,,,0,,,0,0,,,0
5066,830659,"R.Bullock kicks 65 yards from CIN 35 to end zone, Touchback.",SEA,CIN,KOFF,0,6,3,15,0,14,17,3,3,0,0,0,0,0,,,,,0,,,,,,,,,,,,,,,,,,,0,0,,,,,0,0,,,,,0,0,,,0,,,0,,,,,,,,0,,,0,0,,,0,,RB-4650,65,40,Y,,0
5066,830660,"(15:00) R.Wilson pass short left to C.Carson to SEA 36 for 11 yards (P.Brown). FUMBLES (P.Brown), RECOVERED by CIN-D.Kirkpatrick at SEA 39. D.Kirkpatrick ran ob at SEA 28 for 11 yards.",SEA,CIN,PASS,1,30,3,15,0,14,17,3,3,1,10,25,2,11,,,,,0,,,,,,RW-3850,Y,,SL,CC-0750,,PB-0750,,,,,,,0,0,,,,,0,0,,,,,0,0,,,0,CC-0750,DK-0750,11,PB-0750,Y,,,,,,0,,,0,0,,,0,,,0,0,,,0
5066,830661,(14:48) A.Dalton pass short middle to C.Uzomah to SEA 13 for 15 yards (T.Flowers; M.Kendricks).,CIN,SEA,PASS,1,34,3,14,48,17,14,3,3,1,10,72,4,15,Y,Y,,,0,,,,,,AD-0100,Y,,SM,CU-0150,,MK-0730,TF-0725,,,,,,0,0,,,,,0,0,,,,,0,0,,,0,,,0,,,,,,,,0,,,0,0,,,0,,,0,0,,,0
5066,830662,"(14:14) J.Mixon up the middle to SEA 12 for 1 yard (B.Wagner, R.Green).",CIN,SEA,RUSH,2,44,3,14,14,17,14,3,3,1,10,87,5,1,,,,,0,JM-5275,,MD,RG-1675,BW-0150,,,,,,,,,,,,,,0,0,,,,,0,0,,,,,0,0,,,0,,,0,,,,,,,,0,,,0,0,,,0,,,0,0,,,0
5066,830663,"(13:30) A.Dalton sacked at SEA 19 for -7 yards. FUMBLES, RECOVERED by SEA-A.Woods at SEA 19. A.Woods to SEA 24 for 5 yards (A.Dalton).",CIN,SEA,PASS,3,7,3,13,30,17,14,3,3,2,9,88,5,-7,,,,,0,,,,,,AD-0100,,,,,,,,,,,,,0,0,,,,,0,0,,,,,0,0,,,0,AD-0100,AW-1900,5,,Y,,,,,,0,,,0,0,,,0,,,0,0,,,0
5066,830664,"(13:23) C.Carson left end to SEA 18 for -6 yards (C.Dunlap, N.Vigil).",SEA,CIN,RUSH,1,36,3,13,23,14,17,3,3,1,10,24,2,-6,,,,,0,CC-0750,,LE,CD-2200,NV-0200,,,,,,,,,,,,,,0,0,,,,,0,0,,,,,0,0,,,0,,,0,,,,,,,,0,,,0,0,,,0,,,0,0,,,0
5066,830665,(12:47) (Shotgun) C.Carson up the middle to SEA 17 for -1 yards (N.Vigil).,SEA,CIN,RUSH,2,39,3,12,47,14,17,3,3,2,16,18,1,-1,,,Y,,0,CC-0750,,MD,NV-0200,,,,,,,,,,,,,,,0,0,,,,,0,0,,,,,0,0,,,0,,,0,,,,,,,,0,,,0,0,,,0,,,0,0,,,0
5066,830666,"(12:08) (Shotgun) R.Wilson pass short left to C.Carson pushed ob at SEA 19 for 2 yards (D.Kirkpatrick). Penalty on SEA-D.Metcalf, Offensive Holding, declined.",SEA,CIN,PASS,3,12,3,12,8,14,17,3,3,3,17,17,1,2,,,Y,,0,,,,,,RW-3850,Y,,SL,CC-0750,,DK-0750,,,,SEA,DM-2275,Offensive Holding,2,0,D,,,,0,0,,,,,0,0,,,0,,,0,,,,,,,,0,,,0,0,,,0,,,0,0,,,0
5066,830667,"(11:56) M.Dickson punts 60 yards to CIN 21, Center-T.Ott. A.Erickson to CIN 30 for 9 yards (W.Dissly).",CIN,SEA,PUNT,0,12,3,11,56,17,14,3,3,4,15,19,1,0,,,,,0,,,,,,,,,,,,,,,,,,,0,0,,,,,0,0,,,,,0,0,,,0,,,0,,,,,,,,0,,MD-0325,60,51,,AE-1037,9,,,0,0,,,0
5066,830668,"(11:44) G.Bernard right end to CIN 27 for -3 yards (P.Ford, B.Mone).",CIN,SEA,RUSH,1,47,3,11,44,17,14,3,3,1,10,30,2,-3,,,,,0,GB-0350,,RE,PF-0300,BM-3375,,,,,,,,,,,,,,0,0,,,,,0,0,,,,,0,0,,,0,,,0,,,,,,,,0,,,0,0,,,0,,,0,0,,,0
5066,830669,(10:57) G.Bernard right tackle to CIN 32 for 5 yards (B.Wagner).,CIN,SEA,RUSH,2,39,3,10,57,17,14,3,3,2,13,27,2,5,,,,,0,GB-0350,,RT,BW-0150,,,,,,,,,,,,,,,0,0,,,,,0,0,,,,,0,0,,,0,,,0,,,,,,,,0,,,0,0,,,0,,,0,0,,,0
5066,830670,"(10:18) (Shotgun) A.Dalton pass short right to G.Bernard to SEA 33 for 35 yards (B.McDougald). FUMBLES (B.McDougald), ball out of bounds at SEA 33.",CIN,SEA,PASS,3,32,3,10,18,17,14,3,3,3,8,32,2,35,Y,Y,Y,,0,,,,,,AD-0100,Y,,SR,GB-0350,,BM-1250,,,,,,,0,0,,,,,0,0,,,,,0,0,,,0,GB-0350,,0,BM-1250,N,,,,,,0,,,0,0,,,0,,,0,0,,,0
5066,830671,"(9:46) G.Bernard up the middle to SEA 34 for -1 yards (B.Wagner, Q.Jefferson).",CIN,SEA,RUSH,4,40,3,9,46,17,14,3,3,1,10,67,4,-1,,,,,0,GB-0350,,MD,QJ-0150,BW-0150,,,,,,,,,,,,,,0,0,,,,,0,0,,,,,0,0,,,0,,,0,,,,,,,,0,,,0,0,,,0,,,0,0,,,0
5066,830672,(9:06) T.Boyd right end to SEA 31 for 3 yards (S.Griffin26).,CIN,SEA,RUSH,5,44,3,9,6,17,14,3,3,2,11,66,4,3,,,,,0,TB-2075,,RE,SG-1600,,,,,,,,,,,,,,,0,0,,,,,0,0,,,,,0,0,,,0,,,0,,,,,,,,0,,,0,0,,,0,,,0,0,,,0
5066,830673,(8:22) (Shotgun) G.Bernard right tackle to SEA 27 for 4 yards (B.Jackson).,CIN,SEA,RUSH,6,39,3,8,22,17,14,3,3,3,8,69,4,4,,,Y,,0,GB-0350,,RT,BJ-0250,,,,,,,,,,,,,,,0,0,,,,,0,0,,,,,0,0,,,0,,,0,,,,,,,,0,,,0,0,,,0,,,0,0,,,0
5066,830674,"(7:43) R.Bullock 45 yard field goal is No Good, Wide Left, Center-C.Harris, Holder-K.Huber.",CIN,SEA,FGXP,7,6,3,7,43,17,14,3,3,4,4,73,4,0,,,,,0,,,,,,,,,,,,,,,,,,,0,0,,,,,0,0,,,,,0,0,,,0,,,0,,,,,,FG,RB-4650,45,N,,0,0,,,0,,,0,0,,,0
5066,830675,(7:37) R.Wilson sacked at SEA 26 for -9 yards (D.Kirkpatrick).,SEA,CIN,PASS,1,37,3,7,37,14,17,3,3,1,10,35,2,-9,,,,,0,,,,,,RW-3850,,,,,,,,DK-0750,,,,,0,0,,,,,0,0,,,,,0,0,,,0,,,0,,,,,,,,0,,,0,0,,,0,,,0,0,,,0
5066,830676,(7:00) (Shotgun) R.Wilson sacked at SEA 19 for -7 yards (S.Hubbard).,SEA,CIN,PASS,2,44,3,7,0,14,17,3,3,2,19,26,2,-7,,,Y,,0,,,,,,RW-3850,,,,,,,,SH-1393,,,,,0,0,,,,,0,0,,,,,0,0,,,0,,,0,,,,,,,,0,,,0,0,,,0,,,0,0,,,0
5066,830677,(6:16) (Shotgun) R.Wilson pass short middle to N.Vannett to SEA 30 for 11 yards (S.Williams).,SEA,CIN,PASS,3,35,3,6,16,14,17,3,3,3,26,19,1,11,,,Y,,0,,,,,,RW-3850,Y,,SM,NV-0050,,SW-1550,,,,,,,0,0,,,,,0,0,,,,,0,0,,,0,,,0,,,,,,,,0,,,0,0,,,0,,,0,0,,,0
5066,830678,"(5:41) M.Dickson punts 54 yards to CIN 16, Center-T.Ott, downed by SEA-C.Barton. PENALTY on CIN-C.Carter, Offensive Holding, 8 yards, enforced at CIN 16.",CIN,SEA,PUNT,0,11,3,5,41,17,14,3,3,4,15,30,2,0,,,,,0,,,,,,,,,,,,,,,,CIN,CC-0775,Offensive Holding,2,8,,,,,0,0,,,,,0,0,,,0,,,0,,,,,,,,0,,MD-0325,54,54,,,0,,,0,0,,,0
5066,830679,(5:30) G.Bernard left tackle to CIN 19 for 11 yards (B.McDougald).,CIN,SEA,RUSH,1,37,3,5,30,17,14,3,3,1,10,8,1,11,Y,Y,,,0,GB-0350,,LT,BM-1250,,,,,,,,,,,,,,,0,0,,,,,0,0,,,,,0,0,,,0,,,0,,,,,,,,0,,,0,0,,,0,,,0,0,,,0
5066,830680,(4:53) (Shotgun) A.Dalton pass incomplete short right to D.Willis (S.Griffin26).,CIN,SEA,PASS,2,4,3,4,53,17,14,3,3,1,10,19,1,0,,,Y,,0,,,,,,AD-0100,,,SR,DW-3987,SG-1600,,,,,,,,0,0,,,,,0,0,,,,,0,0,,,0,,,0,,,,,,,,0,,,0,0,,,0,,,0,0,,,0
5066,830681,(4:49) (Shotgun) A.Dalton pass short left to T.Eifert pushed ob at CIN 24 for 5 yards (M.Kendricks).,CIN,SEA,PASS,3,31,3,4,49,17,14,3,3,2,10,19,1,5,,,Y,,0,,,,,,AD-0100,Y,,SL,TE-0300,,MK-0730,,,,,,,0,0,,,,,0,0,,,,,0,0,,,0,,,0,,,,,,,,0,,,0,0,,,0,,,0,0,,,0
5066,830682,(4:18) (Shotgun) A.Dalton pass short left to T.Eifert to CIN 31 for 7 yards (T.Flowers).,CIN,SEA,PASS,4,40,3,4,18,17,14,3,3,3,5,24,2,7,Y,Y,Y,,0,,,,,,AD-0100,Y,,SL,TE-0300,,TF-0725,,,,,,,0,0,,,,,0,0,,,,,0,0,,,0,,,0,,,,,,,,0,,,0,0,,,0,,,0,0,,,0
5066,830683,(3:38) A.Dalton pass deep left to J.Ross ran ob at SEA 45 for 24 yards (T.Flowers).,CIN,SEA,PASS,5,36,3,3,38,17,14,3,3,1,10,31,2,24,Y,Y,,,0,,,,,,AD-0100,Y,,DL,JR-3280,,TF-0725,,,,,,,0,0,,,,,0,0,,,,,0,0,,,0,,,0,,,,,,,,0,,,0,0,,,0,,,0,0,,,0
5066,830684,(3:02) (Shotgun) A.Dalton pass incomplete deep right to J.Ross (S.Griffin26).,CIN,SEA,PASS,6,5,3,3,2,17,14,3,3,1,10,55,3,0,,,Y,,0,,,,,,AD-0100,,,DR,JR-3280,SG-1600,,,,,,,,0,0,,,,,0,0,,,,,0,0,,,0,,,0,,,,,,,,0,,,0,0,,,0,,,0,0,,,0
5066,830685,(2:57) A.Dalton pass short right to C.Uzomah to SEA 36 for 9 yards (P.Ford).,CIN,SEA,PASS,7,45,3,2,57,17,14,3,3,2,10,55,3,9,Y,,,,0,,,,,,AD-0100,Y,,SR,CU-0150,,PF-0300,,,,,,,0,0,,,,,0,0,,,,,0,0,,,0,,,0,,,,,,,,0,,,0,0,,,0,,,0,0,,,0
5066,830686,(2:12) A.Dalton pass incomplete deep right to T.Boyd.,CIN,SEA,PASS,8,5,3,2,12,17,14,3,3,3,1,64,4,0,,,,,0,,,,,,AD-0100,,,DR,TB-2075,,,,,,,,,0,0,,,,,0,0,,,,,0,0,,,0,,,0,,,,,,,,0,,,0,0,,,0,,,0,0,,,0
5066,830687,(2:07) (Shotgun) G.Bernard right guard to SEA 36 for no gain (A.Woods).,CIN,SEA,RUSH,9,6,3,2,7,17,14,3,3,4,1,64,4,0,,,Y,,0,GB-0350,,RG,AW-1900,,,,,,,,,,,,,,,0,0,,,,,0,0,,,,,0,0,,,0,,,0,,,,,,,,0,,,0,0,,,0,,,0,0,,,0
5066,830688,(2:01) (Shotgun) R.Penny left tackle to SEA 41 for 5 yards (C.Dunlap).,SEA,CIN,RUSH,1,28,3,2,1,14,17,3,3,1,10,36,2,5,Y,,Y,,0,RP-0550,,LT,CD-2200,,,,,,,,,,,,,,,0,0,,,,,0,0,,,,,0,0,,,0,,,0,,,,,,,,0,,,0,0,,,0,,,0,0,,,0
5066,830689,(1:33) (Shotgun) R.Penny left tackle to SEA 41 for no gain (S.Williams).,SEA,CIN,RUSH,2,45,3,1,33,14,17,3,3,2,5,41,3,0,,,Y,,0,RP-0550,,LT,SW-1550,,,,,,,,,,,,,,,0,0,,,,,0,0,,,,,0,0,,,0,,,0,,,,,,,,0,,,0,0,,,0,,,0,0,,,0
5066,830690,(:48) (Shotgun) R.Wilson pass deep middle to D.Metcalf to CIN 34 for 25 yards (J.Bates; B.Webb).,SEA,CIN,PASS,3,38,3,0,48,14,17,3,3,3,5,41,3,25,Y,Y,Y,,0,,,,,,RW-3850,Y,,DM,DM-2275,,JB-1650,BW-0770,,,,,,0,0,,,,,0,0,,,,,0,0,,,0,,,0,,,,,,,,0,,,0,0,,,0,,,0,0,,,0
5066,830691,"(:10) (Shotgun) R.Penny right end pushed ob at CIN 14 for 20 yards (N.Vigil). PENALTY on SEA-G.Ifedi, Offensive Holding, 10 yards, enforced at CIN 34 - No Play.",SEA,CIN,NOPL,3,20,3,0,10,14,17,3,3,1,10,66,4,0,,,,,0,,,,,,,,,,,,,,,,SEA,GI-0100,Offensive Holding,2,10,,,,,0,0,,,,,0,0,,,0,,,0,,,,,,,,0,,,0,0,,,0,,,0,0,,,0
5066,830692,"(15:00) (Shotgun) R.Wilson pass deep middle to T.Lockett for 44 yards, TOUCHDOWN.",SEA,CIN,PASS,4,7,4,15,0,14,17,3,3,1,20,56,3,44,Y,Y,Y,,7,,,,,,RW-3850,Y,,DM,TL-1025,,,,,,,,,0,0,,,,,0,0,,,,,0,0,,,0,,,0,,,,,,,,0,,,0,0,,,0,,,0,0,,,0
5066,830693,"J.Myers extra point is GOOD, Center-T.Ott, Holder-M.Dickson.",SEA,CIN,FGXP,4,3,4,14,53,21,17,3,3,0,0,0,0,0,,,,,0,,,,,,,,,,,,,,,,,,,0,0,,,,,0,0,,,,,0,0,,,0,,,0,,,,,,XP,JM-7000,33,Y,,0,0,,,0,,,0,0,,,0
5066,830694,"J.Myers kicks 65 yards from SEA 35 to end zone, Touchback.",CIN,SEA,KOFF,0,6,4,14,53,17,21,3,3,0,0,0,0,0,,,,,0,,,,,,,,,,,,,,,,,,,0,0,,,,,0,0,,,,,0,0,,,0,,,0,,,,,,,,0,,,0,0,,,0,,JM-7000,65,40,Y,,0
5066,830695,(14:53) A.Dalton sacked at CIN 17 for -8 yards (Q.Jefferson).,CIN,SEA,PASS,1,30,4,14,53,17,21,3,3,1,10,25,2,-8,,,,,0,,,,,,AD-0100,,,,,,,,QJ-0150,,,,,0,0,,,,,0,0,,,,,0,0,,,0,,,0,,,,,,,,0,,,0,0,,,0,,,0,0,,,0
5066,830696,(14:07) (Shotgun) A.Dalton pass short middle to G.Bernard to CIN 24 for 7 yards (K.Wright; B.Wagner).,CIN,SEA,PASS,2,41,4,14,7,17,21,3,3,2,18,17,1,7,,,Y,,0,,,,,,AD-0100,Y,,SM,GB-0350,,BW-0150,KW-2500,,,,,,0,0,,,,,0,0,,,,,0,0,,,0,,,0,,,,,,,,0,,,0,0,,,0,,,0,0,,,0
5066,830697,"(13:26) (Shotgun) PENALTY on SEA-J.Clowney, Neutral Zone Infraction, 5 yards, enforced at CIN 24 - No Play.",CIN,SEA,NOPL,2,21,4,13,26,17,21,3,3,3,11,24,2,0,,,,,0,,,,,,,,,,,,,,,,SEA,JC-3350,Neutral Zone,4,5,,,,,0,0,,,,,0,0,,,0,,,0,,,,,,,,0,,,0,0,,,0,,,0,0,,,0
5066,830698,(13:05) (Shotgun) A.Dalton pass short left to J.Ross to CIN 36 for 7 yards (T.Flowers).,CIN,SEA,PASS,3,45,4,13,5,17,21,3,3,3,6,29,2,7,Y,Y,Y,,0,,,,,,AD-0100,Y,,SL,JR-3280,,TF-0725,,,,,,,0,0,,,,,0,0,,,,,0,0,,,0,,,0,,,,,,,,0,,,0,0,,,0,,,0,0,,,0
5066,830699,(12:20) A.Dalton pass short left to A.Erickson to CIN 49 for 13 yards (T.Flowers).,CIN,SEA,PASS,4,47,4,12,20,17,21,3,3,1,10,36,2,13,Y,Y,,,0,,,,,,AD-0100,Y,,SL,AE-1037,,TF-0725,,,,,,,0,0,,,,,0,0,,,,,0,0,,,0,,,0,,,,,,,,0,,,0,0,,,0,,,0,0,,,0
5066,830700,(11:33) (Shotgun) A.Dalton pass short left to J.Ross ran ob at SEA 40 for 11 yards.,CIN,SEA,PASS,5,28,4,11,33,17,21,3,3,1,10,49,3,11,Y,Y,Y,,0,,,,,,AD-0100,Y,,SL,JR-3280,,,,,,,,,0,0,,,,,0,0,,,,,0,0,,,0,,,0,,,,,,,,0,,,0,0,,,0,,,0,0,,,0
5066,830701,"(11:05) (Shotgun) A.Dalton pass incomplete deep left to J.Ross. PENALTY on SEA-T.Flowers, Illegal Contact, 5 yards, enforced at SEA 40 - No Play.",CIN,SEA,NOPL,5,5,4,11,5,17,21,3,3,1,10,60,4,0,,,,,0,,,,,,,,,,,,,,,,SEA,TF-0725,Illegal Contact,5,5,,,,,0,0,,,,,0,0,,,0,,,0,,,,,,,,0,,,0,0,,,0,,,0,0,,,0
5066,830702,(11:00) G.Bernard left tackle to SEA 30 for 5 yards (B.Mone; Q.Jefferson).,CIN,SEA,RUSH,6,39,4,11,0,17,21,3,3,1,10,65,4,5,Y,,,,0,GB-0350,,LT,QJ-0150,BM-3375,,,,,,,,,,,,,,0,0,,,,,0,0,,,,,0,0,,,0,,,0,,,,,,,,0,,,0,0,,,0,,,0,0,,,0
5066,830703,(10:21) (Shotgun) A.Dalton pass short left to C.Uzomah to SEA 24 for 6 yards (B.Wagner).,CIN,SEA,PASS,7,41,4,10,21,17,21,3,3,2,5,70,4,6,Y,Y,Y,,0,,,,,,AD-0100,Y,,SL,CU-0150,,BW-0150,,,,,,,0,0,,,,,0,0,,,,,0,0,,,0,,,0,,,,,,,,0,,,0,0,,,0,,,0,0,,,0
5066,830704,(9:40) A.Dalton pass incomplete short middle to C.Uzomah (Q.Jefferson).,CIN,SEA,PASS,8,3,4,9,40,17,21,3,3,1,10,76,4,0,,,,,0,,,,,,AD-0100,,,SM,CU-0150,QJ-0150,,,,,,,,0,0,,,,,0,0,,,,,0,0,,,0,,,0,,,,,,,,0,,,0,0,,,0,,,0,0,,,0
5066,830705,(9:37) (Shotgun) A.Dalton pass short right to T.Boyd to SEA 19 for 5 yards (M.Kendricks).,CIN,SEA,PASS,9,42,4,9,37,17,21,3,3,2,10,76,4,5,,,Y,,0,,,,,,AD-0100,Y,,SR,TB-2075,,MK-0730,,,,,,,0,0,,,,,0,0,,,,,0,0,,,0,,,0,,,,,,,,0,,,0,0,,,0,,,0,0,,,0
5066,830706,"(8:55) (Shotgun) A.Dalton pass incomplete short middle to D.Willis. PENALTY on SEA-T.Flowers, Defensive Pass Interference, 15 yards, enforced at SEA 19 - No Play. Seattle challenged the defensive pass interference ruling, and the play was Upheld.",CIN,SEA,NOPL,9,4,4,8,55,17,21,3,3,3,5,81,5,0,,Y,,,0,,,,,,,,,,,,,,,,SEA,TF-0725,Defensive Pass Interference,5,15,,,,,0,0,,,,,0,0,,,0,,,0,,,,,,,,0,,,0,0,,,0,,,0,0,,,0
5066,830707,(8:51) (Shotgun) A.Dalton pass incomplete short left to G.Bernard (T.Flowers).,CIN,SEA,PASS,10,4,4,8,51,17,21,3,2,1,4,96,5,0,,,Y,,0,,,,,,AD-0100,,,SL,GB-0350,TF-0725,,,,,,,,0,0,,,,,0,0,,,,,0,0,,,0,,,0,,,,,,,,0,,,0,0,,,0,,,0,0,,,0
5066,830708,"(8:47) G.Bernard left end to SEA 4 for no gain (M.Kendricks; B.McDougald). PENALTY on CIN-A.Smith, Offensive Holding, 10 yards, enforced at SEA 4 - No Play.",CIN,SEA,NOPL,10,25,4,8,47,17,21,3,2,2,4,96,5,0,,,,,0,,,,,,,,,,,,,,,,CIN,AS-2000,Offensive Holding,2,10,,,,,0,0,,,,,0,0,,,0,,,0,,,,,,,,0,,,0,0,,,0,,,0,0,,,0
5066,830709,(8:22) (Shotgun) A.Dalton sacked at SEA 16 for -2 yards (J.Clowney).,CIN,SEA,PASS,11,36,4,8,22,17,21,3,2,2,14,86,5,-2,,,Y,,0,,,,,,AD-0100,,,,,,,,JC-3350,,,,,0,0,,,,,0,0,,,,,0,0,,,0,,,0,,,,,,,,0,,,0,0,,,0,,,0,0,,,0
5066,830710,(7:46) (Shotgun) A.Dalton pass short right to J.Ross to SEA 8 for 8 yards (B.Jackson).,CIN,SEA,PASS,12,43,4,7,46,17,21,2,2,3,16,84,5,8,,,Y,,0,,,,,,AD-0100,Y,,SR,JR-3280,,BJ-0250,,,,,,,0,0,,,,,0,0,,,,,0,0,,,0,,,0,,,,,,,,0,,,0,0,,,0,,,0,0,,,0
5066,830711,"(7:03) R.Bullock 27 yard field goal is GOOD, Center-C.Harris, Holder-K.Huber.",CIN,SEA,FGXP,13,3,4,7,3,17,21,2,2,4,8,92,5,0,,,,,3,,,,,,,,,,,,,,,,,,,0,0,,,,,0,0,,,,,0,0,,,0,,,0,,,,,,FG,RB-4650,27,Y,,0,0,,,0,,,0,0,,,0
5066,830712,"R.Bullock kicks 65 yards from CIN 35 to end zone, Touchback.",SEA,CIN,KOFF,0,6,4,7,0,21,20,2,2,0,0,0,0,0,,,,,0,,,,,,,,,,,,,,,,,,,0,0,,,,,0,0,,,,,0,0,,,0,,,0,,,,,,,,0,,,0,0,,,0,,RB-4650,65,40,Y,,0
5066,830713,(7:00) (Shotgun) R.Wilson pass incomplete deep right to T.Lockett.,SEA,CIN,PASS,1,30,4,7,0,21,20,2,2,1,10,25,2,0,,,Y,,0,,,,,,RW-3850,,,DR,TL-1025,,,,,,,,,0,0,,,,,0,0,,,,,0,0,,,0,,,0,,,,,,,,0,,,0,0,,,0,,,0,0,,,0
5066,830714,(6:55) (Shotgun) C.Carson up the middle to SEA 26 for 1 yard (N.Vigil; S.Hubbard).,SEA,CIN,RUSH,2,46,4,6,55,21,20,2,2,2,10,25,2,1,,,Y,,0,CC-0750,,MD,SH-1393,NV-0200,,,,,,,,,,,,,,0,0,,,,,0,0,,,,,0,0,,,0,,,0,,,,,,,,0,,,0,0,,,0,,,0,0,,,0
5066,830715,(6:09) (Shotgun) R.Wilson pass short right to N.Vannett ran ob at SEA 31 for 5 yards.,SEA,CIN,PASS,3,29,4,6,9,21,20,2,2,3,9,26,2,5,,,Y,,0,,,,,,RW-3850,Y,,SR,NV-0050,,,,,,,,,0,0,,,,,0,0,,,,,0,0,,,0,,,0,,,,,,,,0,,,0,0,,,0,,,0,0,,,0
5066,830716,"(5:40) M.Dickson punts 45 yards to CIN 24, Center-T.Ott. A.Erickson to CIN 29 for 5 yards (M.Blair).",CIN,SEA,PUNT,0,10,4,5,40,20,21,2,2,4,4,31,2,0,,,,,0,,,,,,,,,,,,,,,,,,,0,0,,,,,0,0,,,,,0,0,,,0,,,0,,,,,,,,0,,MD-0325,45,40,,AE-1037,5,,,0,0,,,0
5066,830717,(5:30) A.Dalton pass short right to D.Willis to CIN 36 for 7 yards (S.Griffin26).,CIN,SEA,PASS,1,28,4,5,30,20,21,2,2,1,10,29,2,7,Y,,,,0,,,,,,AD-0100,Y,,SR,DW-3987,,SG-1600,,,,,,,0,0,,,,,0,0,,,,,0,0,,,0,,,0,,,,,,,,0,,,0,0,,,0,,,0,0,,,0
5066,830718,"(5:02) (No Huddle, Shotgun) A.Dalton pass incomplete short left to D.Willis.",CIN,SEA,PASS,2,4,4,5,2,20,21,2,2,2,3,36,2,0,,,Y,Y,0,,,,,,AD-0100,,,SL,DW-3987,,,,,,,,,0,0,,,,,0,0,,,,,0,0,,,0,,,0,,,,,,,,0,,,0,0,,,0,,,0,0,,,0
5066,830719,(4:58) (Shotgun) A.Dalton pass short right to T.Eifert to CIN 41 for 5 yards (B.McDougald).,CIN,SEA,PASS,3,37,4,4,58,20,21,2,2,3,3,36,2,5,Y,Y,Y,,0,,,,,,AD-0100,Y,,SR,TE-0300,,BM-1250,,,,,,,0,0,,,,,0,0,,,,,0,0,,,0,,,0,,,,,,,,0,,,0,0,,,0,,,0,0,,,0
5066,830720,(4:21) (Shotgun) A.Dalton pass incomplete short left (M.Kendricks).,CIN,SEA,PASS,4,4,4,4,21,20,21,2,2,1,10,41,3,0,,,Y,,0,,,,,,AD-0100,,,,,MK-0730,,,,,,,,0,0,,,,,0,0,,,,,0,0,,,0,,,0,,,,,,,,0,,,0,0,,,0,,,0,0,,,0
5066,830721,(4:17) (Shotgun) A.Dalton pass short right to A.Erickson to CIN 44 for 3 yards (K.Wright).,CIN,SEA,PASS,5,43,4,4,17,20,21,2,2,2,10,41,3,3,,,Y,,0,,,,,,AD-0100,Y,,SR,AE-1037,,KW-2500,,,,,,,0,0,,,,,0,0,,,,,0,0,,,0,,,0,,,,,,,,0,,,0,0,,,0,,,0,0,,,0
5066,830722,(3:34) (Shotgun) A.Dalton pass incomplete short middle to T.Boyd (Q.Jefferson).,CIN,SEA,PASS,6,4,4,3,34,20,21,2,2,3,7,44,3,0,,,Y,,0,,,,,,AD-0100,,,SM,TB-2075,QJ-0150,,,,,,,,0,0,,,,,0,0,,,,,0,0,,,0,,,0,,,,,,,,0,,,0,0,,,0,,,0,0,,,0
5066,830723,"(3:30) K.Huber punts 50 yards to SEA 6, Center-C.Harris, out of bounds.",SEA,CIN,PUNT,0,8,4,3,30,21,20,2,2,4,7,44,3,0,,,,,0,,,,,,,,,,,,,,,,,,,0,0,,,,,0,0,,,,,0,0,,,0,,,0,,,,,,,,0,,KH-2600,50,50,,,0,,,0,0,,,0
5066,830724,(3:22) (Shotgun) R.Wilson right end to SEA 11 for 5 yards (S.Hubbard).,SEA,CIN,RUSH,1,4,4,3,22,21,20,2,2,1,10,6,1,5,Y,,Y,,0,RW-3850,,RE,SH-1393,,,,,,,,,,,,,,,0,0,,,,,0,0,,,,,0,0,,,0,,,0,,,,,,,,0,,,0,0,,,0,,,0,0,,,0
5066,830725,(3:18) (Shotgun) C.Carson up the middle to SEA 15 for 4 yards (P.Brown; N.Vigil).,SEA,CIN,RUSH,2,5,4,3,18,21,20,2,1,2,5,11,1,4,Y,,Y,,0,CC-0750,,MD,NV-0200,PB-0750,,,,,,,,,,,,,,0,0,,,,,0,0,,,,,0,0,,,0,,,0,,,,,,,,0,,,0,0,,,0,,,0,0,,,0
5066,830726,(3:13) (Shotgun) C.Carson left end to SEA 36 for 21 yards (J.Bates; N.Vigil).,SEA,CIN,RUSH,3,49,4,3,13,21,20,2,0,3,1,15,1,21,Y,Y,Y,,0,CC-0750,,LE,NV-0200,JB-1650,,,,,,,,,,,,,,0,0,,,,,0,0,,,,,0,0,,,0,,,0,,,,,,,,0,,,0,0,,,0,,,0,0,,,0
5066,830727,(2:24) (Shotgun) C.Carson right guard to SEA 36 for no gain (N.Vigil).,SEA,CIN,RUSH,4,24,4,2,24,21,20,2,0,1,10,36,2,0,,,Y,,0,CC-0750,,RG,NV-0200,,,,,,,,,,,,,,,0,0,,,,,0,0,,,,,0,0,,,0,,,0,,,,,,,,0,,,0,0,,,0,,,0,0,,,0
5066,830728,(2:00) (Shotgun) C.Carson up the middle to SEA 35 for -1 yards (S.Hubbard; G.Atkins).,SEA,CIN,RUSH,5,45,4,2,0,21,20,2,0,2,10,36,2,-1,,,Y,,0,CC-0750,,MD,GA-0400,SH-1393,,,,,,,,,,,,,,0,0,,,,,0,0,,,,,0,0,,,0,,,0,,,,,,,,0,,,0,0,,,0,,,0,0,,,0
5066,830729,"(1:15) (Shotgun) PENALTY on SEA, Delay of Game, 5 yards, enforced at SEA 35 - No Play.",SEA,CIN,NOPL,5,20,4,1,15,21,20,1,0,3,11,35,2,0,,,,,0,,,,,,,,,,,,,,,,SEA,,Delay of Game,3,5,,,,,0,0,,,,,0,0,,,0,,,0,,,,,,,,0,,,0,0,,,0,,,0,0,,,0
5066,830730,(1:15) (Shotgun) R.Wilson left end to SEA 35 for 5 yards (S.Hubbard).,SEA,CIN,RUSH,6,25,4,1,15,21,20,1,0,3,16,30,2,5,,,Y,,0,RW-3850,,LE,SH-1393,,,,,,,,,,,,,,,0,0,,,,,0,0,,,,,0,0,,,0,,,0,,,,,,,,0,,,0,0,,,0,,,0,0,,,0
5066,830731,"(:28) M.Dickson punts 40 yards to CIN 25, Center-T.Ott, fair catch by A.Erickson.",CIN,SEA,PUNT,0,7,4,0,28,20,21,0,0,4,11,35,2,0,,,,,0,,,,,,,,,,,,,,,,,,,0,0,,,,,0,0,,,,,0,0,,,0,,,0,,,,,,,,0,,MD-0325,40,40,,AE-1037,0,Y,,0,0,,,0
5066,830732,(:21) (Shotgun) A.Dalton pass short left to T.Eifert ran ob at CIN 31 for 6 yards.,CIN,SEA,PASS,1,7,4,0,21,20,21,0,0,1,10,25,2,6,Y,,Y,,0,,,,,,AD-0100,Y,,SL,TE-0300,,,,,,,,,0,0,,,,,0,0,,,,,0,0,,,0,,,0,,,,,,,,0,,,0,0,,,0,,,0,0,,,0
5066,830733,"(:14) (Shotgun) A.Dalton sacked at CIN 23 for -8 yards (R.Green). FUMBLES (R.Green), RECOVERED by SEA-T.Flowers at CIN 44. T.Flowers to CIN 44 for no gain (J.Ross). The Replay Official reviewed the fumble ruling, and the play was Upheld.",CIN,SEA,PASS,2,5,4,0,14,20,21,0,0,2,4,31,2,0,,,Y,,0,,,,,,AD-0100,,,,,,,,RG-1675,,,,,0,0,,,,,0,0,,,,,0,0,,,0,AD-0100,TF-0725,0,RG-1675,Y,,,,,,0,,,0,0,,,0,,,0,0,,,0
5066,830734,(:09) R.Wilson kneels to CIN 45 for -1 yards.,SEA,CIN,RUSH,1,25,4,0,9,21,20,0,0,1,10,56,3,-1,,,,,0,RW-3850,Y,,,,,,,,,,,,,,,,,0,0,,,,,0,0,,,,,0,0,,,0,,,0,,,,,,,,0,,,0,0,,,0,,,0,0,,,0
